review_id,kategori,altkategori_full,sentiment,text,date
3cc494c88794a565eb3bf737af03159b,olanaklar,olanaklar_wifi,Negatif,"Vasat - Otelde plaj kısmı oldukça zayıf (müzik yok, içecek, yiyecek bar kısmı saat 16.00 da kapanıyor ki zaten millet 4 ten sonra plaja geliyor. öğlen sıcağında herkes odasında - Ana yemek saatleri dışındaki snack, çay saati gibi ikramlar epey zayıf.. hergün aynı bayat ürünleri getirip götürüyorlar - Yemek saati bitmeden yarım saat önce restoran bölümü toplanmaya başlıyor - Otelin discosu sözde var ama ışıklar kapalı, müzik yok..yani disco yok - Otelin interneti kötü, plajda hiç çekmiyor. - Tüm içecekler kötü (ayran, süt, kahve dahil) - Otelin konumu iyi - Tenis kortu var ücretsiz, raket ve toplar ücretli..ancak akşam 8 de kort kapanıyor. Tam güneş etkisini yitirirken ve rahat rahat oynayabilecekken..",2026-07-16
24fa542569d3a2542f8d5d47ca424761,olanaklar,olanaklar_wifi,Negatif,"Bu devirde 5 yıldızlı otelde internetin ücretli olması şaka gibi. Zaten telefonlar otelin hiçbir yerinde doğru düzgün çekmiyor, mecbur kalıp wifi satın aldık o da sürekli koptu. Akşam odada maillerime bakamadım bile, kesinlikle paramın karşılığı değildi.",2026-07-09
abeb31d96b0ac40f238817ca2735fcc5,olanaklar,olanaklar_wifi,Negatif,"Her şey dahil diye geldik ama en temel ihtiyaç olan internet için ekstra ücret istediler. Ücretsiz dedikleri sadece lobide çekiyor, odalara geçince internet bağlantısı sıfır. Çocuklar akşam internete giremeyince tam bir eziyet oldu.",2026-04-30
66852fa4c62a31e9c3a7051c477e0c2b,olanaklar,olanaklar_wifi,Negatif,"Konum güzel, yemekler idare eder ama internet olayı tam bir fiyasko. Odadaki wifi o kadar yavaş ki bir sayfayı açmak dakikalar sürüyor. Sürekli resepsiyona şikayet ettik 'altyapı çalışması var' deyip geçiştirdiler.",2026-03-13
80ac1248b358a4a2f0e2bb7ae3cd0507,olanaklar,olanaklar_wifi,Negatif,"Otele giriş yaparken her şey çok güzeldi taki odadaki internet şifresini girene kadar. Bağlanıldı diyor ama internet yok! İş telefonuyla görüntülü toplantı yapmam gerekiyordu, sürekli kesildiği için kendi mobil internetimi bitirmek zorunda kaldım.",2025-11-16
b3feb6487f46f93ba06948c250a15e25,olanaklar,olanaklar_wifi,Negatif,Girişte ekstra ücret ödeyip premium wifi paketi aldık. Dediler ki her yerde ful çekecek. Odada ne bilgisayar bağlandı ne de tablet. Para iadesi istedik onu da yapmadılar. Tam bir hayal kırıklığı yaşadık.,2025-05-20
3528018bbe12884a5f7f87ccfd2571e0,olanaklar,olanaklar_wifi,Nötr,"Kaliteli fakat sezona göre Öncelikle otelde 2013-2016-2017 yıllarında toplamda 3 defa konakladım. Hepsi yüksek sezonda gerçekleşti. Öncelikle otelin konumu: Otelin konumu merkezi bir yerdedir ve asla şehir merkezine ulaşma noktasında sıkıntı çekmezsiniz. Yürüyerek maks. 10 dk. sürüyor. Ancak Düden, Manavgat, Belek, Kemer, Olympos gibi yerlere gitmek isterseniz otelden araç kiralayabilirsiniz. Otelin imkanları: Otel büyük ve ferah bir lobiye sahip, akşamları piyano veya keman eşliğinde dinlenebilirsiniz. Ayrıca 2 adet yüzme havuzu(açık-kapalı) ve spor salonu ile beraber spa ve masaj imkanı bulunuyor. Otelin plajı YOK, iskeleden giriyorsunuz. Ana bina ile iskele arası merdivenler dahil 5 dk. sürüyor. Deniz temiz olduğu zamanlar kesinlikle SÜPER. Temiz olursa(?) Tavsiyem Ultra Her şey Dahil Konaklamanız (ben öyle kaldım) Kafanız rahat eder. Bu konaklama türü otelde spor salonu kullanımı dahil çoğu şeyi kapsıyor. Odalar temiz ve ferah. 9-10-11. katlar Suit ve büyük odalar barındırıyor manzara mükemmel ötesi. Diğer odalar standart ama güzel ve ferah. Ancak odalar ile ilgili en büyük sıkıntı temizlik. Odalar GEÇ TEMİZLENİYOR. Denizden veya havuzdan gelince temiz ve kullanıma hazır bir oda bulamayabilirsiniz. Yoğunluk muhtemelen ama böyle bir durum söz konusu. Yemekler: Çeşit bol ve çoğu lezzetli, Pide ustası harika ve güzel pideler çıkıyor. Ancak çoğu yemek aşırı tuzlu;gerçekten fazla tuzlu yemekler. Çalışanlar gayet saygılı ve iletişimde sıkıntı çekmezsiniz. Biraz daha profesyonel olmaları gerekiyor o kadar. Otel misafiri profili: Otel profili çoğunlukla Arap ülkelerinden gelenlerden oluşmakta ve tabii ki gurbetçiler; çok fazla uzatmayım; beklentileri düşürün ve farklı insan manzaralarına hazırlıklı olun. Bu otelin elinde olan bir şey değil, neticesinde 4 tabak yemeği alıp yemeyen ve çöpe atılmasına sebep olan insanlar. (Beğenmeme söz konusu değil,kişisel gözlem en az 4-5 masa böyle her akşam) Onun haricinde misafirlerin birbirlerine karıştığı yok sadece göz zevki; israf konusunda hassassanız sakin olmaya bakın. Otelin ısıtması ve soğutması: Gayet iyi ve etkili. Bir sıkıntı çıkmadı. Otel genelinde Wi-Fi mevcut ve ücretsiz. Antalya'ya tatile gelmeyi düşünenler Çeşme ve Bodrum havası beklemesin;sıcaklık ve nem epey fazla,ancak deniz suyu çok güzel. Elbette Adana sıcağı kesinlikle yok. Bütçeniz izin veriyorsa ve sadece otelde kalacaksanız Kundu civarı otelleri tercih edebilirsiniz.",2026-07-15
1e6a8ed28f214ad15603adddf08af226,olanaklar,olanaklar_wifi,Nötr,"Yemekler enfes Otel ve odalar oldukca guzel, yemekler hersey dahil bir otele gore mukemmel.. internet mevcut ve otelin iskelesi ve havuzu var. Calisanlar oldukca guleryuzlu ve caliskanlar. Biz otelden cok memnun ayrildik.",2026-07-06
811197855dcbc70a8b1bd2fa7093977a,olanaklar,olanaklar_wifi,Pozitif,"Daha iyisini yapabilirsiniz İnternet muhteşem çekiyor. Oda temizliği gayet iyi, koridordaki halılar çok lekeli. Asansörünüz sarı etiketli - güven vermiyor. Yemekleri gerekirse daha az ve lezzetli sunabilirsiniz, maalesef mutfak pek başarılı değil (pide,pizza, omlet ve mezeler hariç). restorandan odaya su çıkartmamak konusunda bu kadar tutucu olmayın, benim masamdaki yarım şişe suyun kime faydası var. Yerine bize 150 TL'den su sattınız, sattığınız su Erikli falan da değil, marketteki en ucuz su. Siz euro ile mi aldınız da Türk misafirinize euro karşılığı su satıyorsunuz? Bu kadar karla su satan bir yer hiç görmedim.",2026-05-04
358f44edfe7b8147ed74c39499ba9e3d,olanaklar,olanaklar_wifi,Pozitif,Otelin genel alanlarında ve odalarda internet hızı muazzamdı. Hatta şezlongda yatarken bile kumsalda kesintisiz film izleyebildik. Bağlantı konusunda hiçbir sorun yaşatmadıkları için teşekkürler.,2026-02-07
457a7a3279ea258c55a384b0f929104e,olanaklar,olanaklar_wifi,Pozitif,"İş seyahati için gelmiştim ve benim için en önemli şey sağlam bir internet altyapısıydı. Odadaki wifi bağlantısı çok hızlı ve stabildi, zoom toplantılarımı sıfır donma ile hallettim. Çok memnun kaldım.",2025-12-26
b3e4554fc54f57294b689e89c8c4d8aa,olanaklar,olanaklar_wifi,Pozitif,"Giriş yaparken resepsiyonda hemen wifi şifremizi verdiler ve otelin her köşesinde ücretsiz, hızlı bir şekilde internete girebildik. Kopma veya yavaşlama gibi hiçbir sinir bozucu durum olmadı.",2025-02-15
82f17f096e3248808e07aa49d8ae58ad,olanaklar,olanaklar_wifi,Pozitif,"Antalya'da onca otele gittim, hep internet sorunu yaşardım ama buranın wifi altyapısı gerçekten harika kurulmuş. Oyun oynayan oğlum bile bağlantı sorunu yaşamadı. İnternet hizmeti tek kelimeyle kusursuzdu.",2026-07-11
9b4d0f37bf2f78c84885ec5916c81fee,olanaklar,olanaklar_wifi,Pozitif,Ailecek 4 farklı cihazdan aynı anda bağlanmamıza rağmen internet hızında en ufak bir düşüş yaşamadık. Hem odada hem restoranda wifi çok güçlüydü. Bu devirde böyle kaliteli ve ücretsiz bir altyapı sunmaları çok güzel.,2026-07-08
ee2e5e9372586e502afcc33fd6b619e0,temizlik,temizlik_havuz,Negatif,"HAVUZLARI KULLANMAMANIZI TAVSİYE EDİYORUM Genel olarak otel gayet güzel, odalar geniş ferah, tüm otelin genel temizliği özenli, personel kibar ilgili ,denizi çok güzel, çocuklar için uygun sığ hemen derinleşmeyen bir denizi var, güzel bir tatil geçirdik,yemekler lezzetli , bol çeşitli. Land of legends’a bırakılıp akşam 17:00’da alınacaksınız diyerek ,bizi alamayacaklırını haber dahi vermeden yarım saat bekletip; biz oteli arayınca da hemen yolluyoruz şöförü denilmesine rağmen; gelemeyen şöförü beklemekten sıkılıp taksiye bindik açıklama olarkta , şöförümüz yoktu yollayamadık ama şöför sizi şimdi orda bekliyor cevabnı almamıza ve saçlarımın havuzdan yeşermesi gibi küçük aksilikleri (!) Göz ardı ederek; tatilimizi bir gün daha uzattık. Zamanımızın büyük kısmını havuzda geçirdik ve tatilin ilk günü saçlarım yeşerdi, saçlarımın sarı kısımları çim yeşili oldu, klor olduğunu düşündüm, otelin kuaförü ile de görüştüm onlar da klordan olabileceğini söylediler ve kusturma işlemi ile saçtan çıkabileceğini ilettiler, ben de tatilime klor olduğunu düşünerek devam ettim, yıllardır sarı saçlarım ve hiç bir otelde saçlarım bu hale gelmedi, yıllarca tatilimizi ali bey resort sorgun’da geçirdik ve genelde havuzdaydık, böyle bir olay yaşamadım. Saçlarımı bu hale getiren havuza katılan kimyasal madde, çocuklarımızın, bizim vücudumuza ne gibi yan etkiler yapmıştır düşünmek dahi istemiyorum, saçımı yeşerten madde klor dışında bir madde , oğlumun mayo içlerindeki beyaz kısımlar da yeşerdi, gözlükle dibe dalmıştık havuzda ve havuza atılan bu tarz maddeler dibe çökermiş, rengi mavi olsun diye katılan bir madde de olabilirmiş, sonuç olarak saçlarım yandı, paramla rezil olacağımı bilseydim asla tercih etmezdim, bir daha yakınından geçmeyi bırakın adını bile duymak istemiyorum.",2026-06-15
0dab75ede0ebb3dc41cc4d82b9e5d33d,temizlik,temizlik_havuz,Negatif,"Berbat İki küçük çocuğumuzla geldik ve ikinci gün ikiside hasta oldular. Çocuklarımız ishal, ateşlı ve rahatsız, sürekli ağlıyorlar. Çocuk havuzunda birçok bezsiz bebek vardı. Görevliye söyledim ve 1,5 saat beklememe rağmen hala gelmediler. Ertesi gün büyük havuza girdik be durum yine aynı. Yine görevlilere söyledim ve yarım saat sonra geldiler ama çocuklar gitmişti. Bir sürü resim çektim ve gösterdim. Bu arada çocuk havuzu aynı gün kapanmış ve başka bir görevliye nedenini sorduğumda aldığım cevap: kirletilmiş. Eee şaşırmadım. Akşam yemeğinde sonra telefonda müşteri hizmetlerle görüştüm ve oralı olmadılar. Tatilimiz bozulduğu gibi iki küçük çocuklarımız hasta oldu. Hasta olmak istemiyorsanız SAKIN bu oteli seçmeyin.",2026-04-06
6fa7327c68a76d0046c0bf8558ce507f,temizlik,temizlik_havuz,Negatif,"Rezalet Tavsiye üzerine seçmiş olduk oteli fakat verdiğimiz paranın hiç bir şekilde karşılığını almadık. parayı geçtik eğlence deseniz yok, hizmet deseniz yok, havuz basında veya plajda bir müzik deseniz yok resmen huzur evi ve çocuk yuvası. otel genç dostu olarak görünüyor asla değil, +16 relax pool da bile bir sürü çocuk görebilirsiniz. yiyecek ve içeceklere gelince beklentimizin çok çok altında ne verilen hizmet ne verdikleri kalite hiçbiri verdiğimiz paranın karşılığı olamadı. 7 gece konakladım resmen bitsin diye her gün uyudum. sanki huzur evinde gibiydim. ana restaurantta çeşitler çok çok az tatlı kalitesi çok düşük tatlılar bile beklentinin altınla özellikle ortada elinde telefonlarla gezen saçları uzun biri yeme içme müdürü sanırım o bile size ne bir selam ne bir sorun çözen kişi, siz Türkseniz zaten suratınıza bakan yok! Alacarte Restaurantta zaten az daha kokmuş et yüzünden zehirleniyorduk, güzelim tesis çok kötü kullanılıyor. Bu arada havuza girerken mutlaka bone takın saçlarım geldiğimden beri kendine gelemedi yeşerdi koptu mahvoldu havuzdan. Sadece otelde halkla ilişkiler sorumlusu Burçak hanım hariç Restaurantta yener bey hariç bunlar farklı ilgilendiler. Asla Türk oteli değildir asla da tavsiye etmeyeceğim !",2025-11-23
f49065483e8e0db1e094531fb459ade5,temizlik,temizlik_havuz,Negatif,"Kir! Biz sadece geri Calista Pazar 25/9 tarihinde aldım, all ı can say hiç de kaldı kirli otel oldu! Lütfen yalvarıyorum u ur kendi için iyi, bu otel seçmeyin! Resepsiyon: personelin çoğu İngilizce anlamıyorum, Rusya bile (Bu coz demek konukların çoğu Ruslar ve Rusça konuşan oldu). Lobi çok kullanılan görünüyor ve otelin açık sadece 5years oldu! Odalar: Spacey! Ama aynı zamanda çok kullanılan özellikle banyo kalıp tam yukarı, çok kirli! düzgün kirli duş kirli banyo temiz değil! kızımız banyo için benim kendi temizlik! İğrenç! Yastıklar, kauçuk, üzerinde uyumak mümkün değil bir tür ile doldurulmuş!!! Gıda: Özel bir şey, biz güvenilir tüm restoranlar bile 'VIP' Elegance havuzu: havuzdan mantar 14months kızımız var ve o tek çocuğu değildi, Hollanda'dan ""yeni arkadaşlar"" aynı vardı ve 3kids vardı! U ur kendi iyiliği için uyar!!! Ve bize 6000euro mal!",2025-05-18
006ea797abd06526c72fcbb4749ee3bc,temizlik,temizlik_havuz,Negatif,Biz 3 aile gittik hic memnun kalmadik Otel anlatildigi gibi degil restorantta yemek klasik degisik yada luks bir otele yakisan menu yok hep meyve ve yesilljk koymuslar aksam 9dan sonra bar kisminda sadece ickinin yaninda cips ve leblebi fistik var meyve veya baska bi secenek yasakhavuz inanilmaz lagim kokuyor internette bahsedilen %30 anca var diyebilirim,2026-07-17
e8ba18d367dd426cae735a33ce8239b1,temizlik,temizlik_havuz,Negatif,Yaniiii Otelde 6 gün kaldım..ama bir daha gelmeyi kesinlikle tercih etmiyorum.ailece bir tatildi.otel cok güzel calisanlar guler yüzlu fakatttt otelde inanilmaz derecede iranli arap var..ve bu durum cok rahatsiz edici..ne görgü var adamlarda ne anlayis.görevlilerde bu durumdan bıkmış vaziyette.ayrica cocuk havuzlarida cook piss.hijyen kesinlikle yokk.bir daha gelmeyecegiz.buraya verdigim fiyatin yarisina Alva donna deluxe bogazkenttee muhtesem bir tatil gecirebilirsiniz ailece..bence kesinlikle paranizi buraya harcamayinnnnn.....Ayrica picasso bolumunde görevlii CAĞDAŞ ALKAN arkadasimiza ilgi alaka ve sabrindan dolayi cok tesekkur ederizzzzzzz..,2026-06-22
f0c3de295be433770c9db663152df3f1,temizlik,temizlik_havuz,Negatif,"Havuz rezaleti!!! Uzun araştırmalar sonucunda Aska Lara’yı tercih ettik.Ancak 6 gecelik rezervasyonumuzun 2 gecesi konakladık sadece.2. gün havuzların olduğu bölgeye gittik saat 12.00 gibi büyük havuza girdik ki henüz 5 dk bile geçmemişti görevliler geldi havuzu hemen boşaltmanız lazım dendi.Çocuk havuzuna gittik orda da biraz sonra havuzu kapatıyoruz dediler.Zaten bu olanlardan önce de aquapark uzun süre kapalıydı.Çünkü tüm havuzlara kaka yapılmış.Onca otelde konaklayan ben ilk defa böyle birşeyle karşılaştık.Orda ki ailelerle konuştuk ve bir çoğu bunlara alışın bu otel böyle 6 gündür burdayım 5 gün havuzlar kapandı dediler.Düşünebiliyor musunuz zaten 6 günlük tatilinizin 5 günü otel olanaklarından yararlanamıyorsunuz,şanslıysanız havuzlar 2 saat sonra açılabilir,yoksa saat 17.00 gibi anca,dolayısıyla gün bitmiş oluyor.Tabi ben bunları yaşayınca etraftan da duyunca tur şirketimle konuşup hemen otel değişikliği talep ettim.Saolsunlar otel yetkilileri ücret konusunda sıkıntı çıkarmadılar.Şimdi başka bir otelde tatilime devam ediyorum.Otel çok kalabalık gerçekten ve Arap misafir oranı çok yüksek,herkes onlardandır diyor ama bilinmez tabi.Peki otel hep mi kötü?Hayır degil!Kalvaltı ve yemekler oldukça çeşitli ve lezzetli.Personel her zaman size yardımcı olmaya çalışıyor.Odalar temiz ve konforlu.Misafir ilişkileri çok başarılı.Özellikle loby barda Onur Bey’e servisi dolayısıyla minnettarız.Bir daha gider miyim,misafir kalitesini ayarlarlarsa neden olmasın,ancak bu şartlar altında mümkün değil.",2026-06-04
7b4c3d8dcac360b78bc6e58d691c33b0,temizlik,temizlik_havuz,Negatif,Gerçekçi olalım Tamamen vasat Bayramda Ailemle konaklama yaptık.Fark ödeyerek Aile odası tercih ettik odada küçük bir cam hava alacagımız.Manzara yok çok kalabalık her türlü insan var.Sırf hoteli doldurmak amaçlı kolundan tutanı getirmişler.Özürdikeyerek yazıyorum Nil nehrinde yıkanan yaşlı amcalarla dolu.Kapalı havuzu yetersiz pis tamemen hayal kırıklığı.Oda temizliği sadece çöp alıyorlar 3 gece konokladık çarşaflar bile değişmedi Tek olumlu tarafı personel ilgili yemek çeşidi az ama lezzetli,2026-01-24
c73f0d3ed1dad7a8e62299d20d4d61ac,temizlik,temizlik_havuz,Negatif,"4 gece otelde, 5 gece hastanede kaldık 4-8 eylül tarihleri arasında konakladık. Bizim için tam bir kabustu. Ailece havuzdan mikrop kaptık günlerce hastanede yattık. Şuan galerimdeki otele ait fotoğrafları bile görmek istemiyorum. Kızımın ishal ateş ve kusma şikayetleri hala düzelmiş değil. Oteldeki konaklamamız sırasında bile Antalya'da bir hastanede geceyi geçirdik. Kendimizi İstanbul'a zor attık. Yolda bir kaç sefer hastane molaları vererek. İstanbula gelir gelmez hastaneye yatışımız yapıldı. Asla hatırlamak istemediğim berbat ötesi bir deneyim yaşadık Aska Lara'da.",2025-07-22
7bddbbc2e1eaced13a5c826d154472d4,temizlik,temizlik_havuz,Negatif,"Her gece MAKARNA!! 26/01//024 check in. İngiltere’den geliyom her sene 1-2 tatile ailece geliriz. Bu geldiğim 8inci otel. 5 gün kaldım aska Lara da. Yemekler orta, ama gece yemeği sadece çorba ve makarna. Şikayette bulundum sorumlu mutfak görevlisine, dediği; gece makarna rahatsız etmiyor dedi. Bende hayır çok ucuz olduğundan sadece makarna veriyorsunuz dedim. Hergün mü makarna ya… full kalori, carbonhidrat !! Çok düşünüyorsanız zeytin yağlı 1-2 yemek koyun dedim, biraz domates, salatalık, peynir ….. koyun dedim. Yüzüme baktı. Animasyon şaka gibi. Kış sezonunda yok sandıydım AMA 5 gün kaldım son gün bu otelde animasyon olduğunu öğrendim. Misafir danışmaya gittim, söyledim durumu. Galiba animasyon kendilerini eğlendiriyor yada saklanıyorlar.. Gece 9:30 da show var, o kadar. (Oda animasyon değil, yabancı dansçılar/müzisyenler). Dışarda kahvaltı tabakları buz gibi, omleti/yemeği koy masaya gelene kadar buz oluyor. Sıcak omlet yiyemedim:((. Dış havuz soğuk, tek ben girebildim, biraz daha ısıtılması lazım. İç havuz içindeki kolonların çevresi/mozaikler kirli, şikayet te bulundum..(can kurtarana) Genel olarak beğenmedim, gelmem. Belki yazın daha farklıdır, bilmiyom. En iyi yanı, genç garsonlar çok iyidiler güler yüzlü idiler.. Ben bunları yazmıcaktım ama son gece de makarna görünce, aç yatınca sinirlendim. Saygılar. Özkan 1383",2025-02-27
4a0b6f911e3620e3ae342ff4b0402672,temizlik,temizlik_havuz,Negatif,"OTELDEN YAZIYORUM Arkadaslar, otelde kaliyorun 2210 numarali odadayim bir kac kotu gidisattan bahsedicem oncelikle sonra iyi yonlerini anlaticam. Oncelikle rezervasyon yaparken odamizin on taraftan veya en azindan ust katlardan olmasini istedik ve bu konuda otele gelince Yardimci olcaklarini soylediler ne yazik ki ihmal ettiler olmadi. Oda temuzligi konusunda yetersizler sanirim personel az yetisemiyor bazi yerleri atliyor ozellikle TÜRK soydaşların odaları diye düşünüyorum. Resepsiyon bar salon ve mutfak personeli güler yüzlü ve samimi doluluk oranı iyi fiyatına göre fena değil. Denize uzak değil fakat denizi iyi değil sahildeki hizmette orta derece lüks bir durum yok haliyle fiyattan belli ama bu ücrete bu hizmet gayet tarminkâr yeniden belirtelim. Bizim kaldığımız oda ve bazı odalar hapishane gibi oralarda kalmayınız 2210 ve sanırım 2230 a kadar olabilir tam emin değilim gelecel olan sorsun. Havuz temiz gibi ben girmedim henüz. Tuvaletler temiz bar ve mutfağa ufaktan baktım bi sorun yoktu. Denize gelince iyi bir deniz yok side daha güzel diye bir söylenti var gidersem yazatım belki. Etkinlik az ve basit. Ama yapmaları bile mutluluk veriyor. Şuana kadar oda temizliği ve odanın konumu dışındaki yalandan başka sorun yaşamadık. Bu arada içkiler fiyatın ucuz olmasına istinaden düşük kaliteli sizlere fıçı efes kullanıyoruz deselerde ( buda bana söylenen bir yalan ) çok düşük kaliteli kullanıyorlar alkol oranı yoka yakın 6 yıl boyunca Türkiye'nin en iyi clublerinde çalıştığım için ve iyi bir içici olduğum için anladım diyebilirim doğruyu söyleseler buraya yazı yazmazdım. Yemeklerde ağır şeyler yemeyin. Yiyeceksenizde zeytinyağı tüketin bağırsaklarınızdaki döngü dengelensin. Eğer zeytinyağı yoksa isteyin salata olan büfede olmak zorunda. Hepinize iyi tatiller . Bu fiyata daha iyisini bulmak zor. Değerlendirin derim.",2026-07-11
5ea4b9807a877bf97c44e4d9b41e46e6,temizlik,temizlik_havuz,Negatif,"Rezalet Kesinlikle her şey dahil değil, tam bir fiyasko, saçma sapan ne olduğu belli olmayan içki markaları. İnanılmaz kötü içecekler. Lobby bar var ama kapalı, gerçi olsa ne farkederki içecek konsepti aynı olduktan sonra. Bar içinde çalışan personele, viski, vodka, cin, olarak ne var diye sorduğumda, o kadar saçma sapan markalar varki ismini dahi söyleyemiyorlar, şişeyi kaldırıp gösteriyorlar. Başka bir viski ve ya votka yok mu diye sorduğumda, verdiğiniz para ne kadar ki. Ne bekliyordunuz diye cevap verecek kadar küstah olabiliyorlar. Kokteyller ücretli. Alkollü bir şey içmekten vazgeçtim, portakal suyu içmek istedim, plastik, kir içinde bir şişeden konsantre meyve suyu verdiler onunda tadı berbattı, paket meyve suyunuz yok mu dedim, ooooo hangi otel veriyor ki biz verelim dedi barmen. Restoranda şarap içelim dedik, sirke gibi. Yemek çeşitliliği çok kötü, lezzetsiz, aç kaldık. Mini barda sadece iki adet küçük su vardı, o mini bar dolabını hiç koymanıza gerek odaya, suyuda kendimiz alırız bardan. Restoranda içecek siparişi alan yok, sipariş verebilmek için garson bekledik dakikalarca. Umursayan yok. Sipariş vermemeniz için göz kontağı kurmaktan kaçıyorlar. Güleryüzlü bir tane personel görmedim. Spa tam bir rezalet, temizlik, hijyen diye bir şey yok. Kapalı ve açık havuz çok kirliydi. Belboy sanırım zorla çalıştırılıyor, gülümsemiyor tamam okey ama teşekkür ettim cevap yok günaydın dedim cevap yok. Güzel olan tek şey manzara ve deniz. Odalar iyi fena sayılmaz. Kesinlikle tavsiye etmiyorum.",2026-07-02
e8226eeaabbb7ea554222cf9e9eadf93,temizlik,temizlik_havuz,Negatif,"Başka alternatif yoksa fiyat performans olarak değerlendirilebilir Ani gelişen bir iş gezisi için her zaman kaldığımız diğer otellerde yer bulamayınca 2 gece konakladık. Konumu iyi ancak otoparkı yok, kapıdaki elemanlar yol kenarına parkedin diyorlar. Vale hizmeti yok. Boş bulursan park ediyorsun. Otel resepsiyonu işi bilmiyor, otelle iligli neredeyse hiç bilgi vermiyorlar. Otel birkaç apart tarzı bloktan oluşuyor. Havuzları temiz ve bakımlı değildi. Benim odam büyük ve ferah olmasına rağmen temiz değildi. Şifonyerlerin üzeri bile silinmemişti. Havlular eski, yatak çarşafı artık yıkanmaktan delik deşik olmuştu. Ve otelde wi-fi var denilmesine rağmen internet mail atacak kadar bile çekmiyor. Resepsiyona söylediğinizde evet maalesef otelin o bölgesinde çekmiyor diye bir cevap alıyorsunuz. Kaldı ki farklı blokta kalan iş arkadaşımın odasından da çekmiyor. Otelin tek iyi yanı konumu ve uygun fiyatıydı diyebilirim.",2026-05-19
4a958807876b788835604b50260c01b3,temizlik,temizlik_havuz,Negatif,Otel tam bir aile tatil oteli yetişkin iki çocuk olarak gittik çocuk etkinliklere çocuk oyun alanları özellikle seçilmiş ve her biri her güne yayılmış yemekler efsane her gün dolu dolu menüler Dünya mutfağı çıkıyor ekşisi havuzlar kirli odaların banyoları çok küçük,2026-02-01
ccbc3ed0d02a8cd835e7bb5f29ebb28f,temizlik,temizlik_havuz,Negatif,"Otel konforuyla, rahatlığıyla , konumuyla mükemmel yemekleriyle son derece başarılı. Havuz için biraz hijyen eksikliği sözkonusu. Damsız beyler etrafta kol geziyor ve gürültüleriyle rahatsız ediciler. Ancak özet olarak otelin olumlu yönleri daha ağır bastığından tekrar aynı otelde tatil yapacak olsam tereddütsüz evet derim.",2025-11-07
49a3c1c23c2f6e54fee9f6d4ecfe8d8f,temizlik,temizlik_havuz,Nötr,Mükemmel Her şekilde güzel fakat aktivitelerin biraz daha fazla olması lazım disco yerinin havalandırılması ve bakım istiyor havuzun temizliğine biraz daha özen gösterilmesi lazım yemekler ve odaların düzeni ilgi alaka çok iyi çok memnun kaldık,2025-07-15
b34b40483d99b5c01b6dc09bc35c5c91,temizlik,temizlik_havuz,Nötr,Güzel Oda -günlük temizlenip havlular değiştiriliyor. -klima iyi çalışıyor - tv mevcut -ütü yok -kasa var -mini bar ve balkon mevcut Deniz -plaj yok(kum derdi yok) ancak denize girilebilecek manzaralı ve güzel kendisine ait iskele mevcut -denize girilebilecek min. Derinlik 3-4 metre -Deniz ve iskele temiz -şezlong ücretsiz -denize girdiğiniz yerde mini bar mevcut Havuzlar ve SPA -acık yüzme havuzları ve kapalı yüzme havuzu mevcut -havuzlar büyük değil -ellerinden geldiği kadar temiz tutmaya çalışıyorlar ancak açık ortamda olunca rüzgarla dal parçaları yaprak filen olabiliyor. Bonesiz giriş serbest. Derinlik 1.40 metre en derin -açık havuz ortamı güzel müzik ve mini bar var. Herkes havuzun etrafında güneşleniyor -hamam ve sauna iyiydi. -arkadaşım masajı beğendi 1 saat 150 TL Yemek - Kahvaltı güzel çeşit çok. -öğünlerde genel olarak hep aynı yiyecekler çıkıyor. Yemekler bana yağlı geldi - hizmet güzel Eğlence -her gece müzik var. İyi eğlendik -Discosu var,2026-07-15
f4a621b8f04a0946e29dbebf78a8e3b7,temizlik,temizlik_havuz,Pozitif,"Kesinlikle Calista( yaz-kış) 🙏🏻🌸 Bu Calista’ya üçüncü defa gelişimiz; kesinlikle çok keyifli, tertemiz, kalitesiyle ve çalışanların ilgisi, güleryüzüyle inanılmaz memnun kaldık.Herkese tavsiye ederim.Biz inşallah seneye yine buradayız🙏🏻🙏🏻",2026-06-17
b28f0bbaa4b81940ff16290214e90134,temizlik,temizlik_havuz,Pozitif,"Harika bir otel! Ailemle 3 yildir bu otele gidiyoruz, oda temizliginden yemeklerine hersey cok güzeldi. Özellikle calisanlarin güler yüzlü olusu ve her zaman yardim etmeye hazir oluslari bizi cok mutlu etti. Cocuklari olan aileler icin burasi tam anlamiyla bir cennet. Herkese bu oteli tavsiye ederim.",2026-05-20
bee4319d21bbc440b9c536e7b9724c9b,temizlik,temizlik_havuz,Pozitif,"Her sene ailece gidiyoruz hep çok memnun kaldık Calista’ya 2022’den beri ailece gidiyoruz. Kalabalık bir aileyiz, hepimiz gerçekten çok memnun kalıyoruz. Gerek yetişkin, gerekse küçük çocuklar için çok güzel alanları mevcut. Hijyen ve yemekler bizim için çok önemli, kesinlikle bu konularda çok iyiler. Tavsiye ederim.",2026-03-05
f04a8162564501da1cd106c47d51e097,temizlik,temizlik_havuz,Pozitif,Rahatlıkla Tavsiye edilir Konumu çok güzel.Plaj ı harika personel güler yüzlü .Hijyen üst seviye .,2025-11-07
5c5fddfcbe96fbd6d37f47486bf07f5b,temizlik,temizlik_havuz,Pozitif,"Tavsiye ediyorum Otelde her şeyden memnun kaldık, odasından yemeklerine, etkinliklerinden havuzlarına kadar kusursuzdu. Otelin misafirlerin günlük yaşantısına saygı duyup her türden etkinliği koymaları muazzam. Otel odanızda ayrıca ihtiyacınız olan her şey mümkün, hazırlıksız gelseniz bile eksiksiz bir tatil yapabilirsiniz. Çok rahat ve temizdi, her şey ayrıca kullanım olarak çok kolaydı. 2 gün boyunca Zehra hanımla beraber bisiklet etkinliğinden çok zevk aldım kendisi çok tatlı biri çok pozitif ve enerjik. Sürecin eğlenceli geçmesini sağladı ve çok ilgili birisi. Tekrardan gelmeyi kesinlikle düşünüyorum",2025-06-07
38fbe3338387f9b6220fa3ea499da6f0,temizlik,temizlik_havuz,Pozitif,Harika bir tatil Yepyeni ve tertemiz bir otel. Hizmet kalitesi 10 üzerinden 10. Yiyecek ve içecek lezzetiyle kalitesiyle harika. Yemek çeşidi biraz daha arttırılırsa otelin tadına doyulmaz.,2026-07-14
002cfa0b9536308fa182b17691bb5a20,temizlik,temizlik_havuz,Pozitif,"Muhteşem bir tatil Temizlik , hizmet kalitesi, yeme içme ile ilgili her şey üst düzeydi , ilk kez konakladık ama her fırsatta gelmeye karar verdiğimiz bir otel oldu.. Çok zarif bir karşılama ile başlayan tatilimizin her anı çok keyifliydi , Calista çalışanlarına her seviyesinde emek harcayan herkese teşekkür ederiz .",2026-06-29
3c1f8b04ddb17f56a55ce8b84fdad439,temizlik,temizlik_havuz,Pozitif,"Calista💖 Otele girdiğimiz andan itibaren bize harika bir deneyim yaşatmak için çabalayan başta musteri ilişkileri olmak üzere tüm calista ailesine çok teşekkür ediyorum gerçekten hem dinlendikten hem eğlendik yolunda olmayan bir şey yoktu tatil aktı çok çabuk geçti yemekler çok iyi lezzetli ve çeşitli, otel tertemiz çalışanlar cokk ilgili ve güler yüzlü e daha ne olsun herkese tavsiye ederim teşekkürler Calista❤️",2026-06-10
6bb5910e5ec65eec69910928ade57996,temizlik,temizlik_havuz,Pozitif,"Güzel bir tatildi Gayet güzel bir tatil geçirdik ailecek. Yemekleri, hizmeti, temizliği her şeyi güzeldi. Konforlu ve eğlenceli bir tatil oldu.",2026-04-06
0d85f870ba335675ee701e6585c237d9,temizlik,temizlik_havuz,Pozitif,"Calista 11-14 Kasım tarihleri arasında 1211 numaralı odada konakladık.Otelin artıları ve eksilerini sıralayacağım Artıları: -Odalar çok geniş ve temiz -Peyzajı gerçekten çok başarılı -Garden Restorandaki yemekler çok başarılı -Odaların balkonundaki şezlong detayı çok güzel olmuş -Plaj çok temiz,deniz girişte taşlı ancak devamında sığ ve kumlu Eksileri: -Oteldeki çalışan arkadaşların çoğu yabancı olduğu için çoğunlukla verdiğiniz siparişleri anlayamıyorlar -Otelde çok ciddi bir kara sinek problemi var,ana restoranda,plajda,özellikle plajdaki şezlongların üstünde 5-6 tane kara sinek muhakkak oluyor -Her ne kadar hayvansever bireyler olsak ta restoranın içinde kedilerin kol gezmesi hijyen açısından hiç olumlu değil,bugün sosislerin olduğu standın orada kediler sosislerin olduğu yere çıkmaya çalışıyordu,hijyen koşulları açısından çok riskli,ayrıca yemek alanındaki konforu olumsuz derecede etkiliyorlar. -Hamamda yerde siyah renkli bir su birikintisi vardı -Kapalı havuz temiz ancak acilen elden geçmesi lazım Kısacası,kalınabilir bi otel",2025-10-12
ccba599ffb060893d1b06cfa3539cdef,temizlik,temizlik_havuz,Pozitif,"Misafir memnuniyeti ön planda… Kış dönemi için 2 günlük kısa bir tatil planı yaptık. Ama iyiki de 2 gün yapmışız daha uzun sıkılabilirdik. Otelin kaliteli hizmet anlayışı var ve çalışan tüm personel güler yüzlü ve yardımsever. Rezervasyon anından çıkış anımıza kadar her isteğimize imkanlar dahilinde hep olumlu cevap veren bir ekip bunun için tebrik ve teşekkür ediyorum. Kids club yenilenmiş yorumlarına aldanarak bu oteli tercih ettik ama imkan olarak çok kısıtlı, çocuklar için yeterli oyun alanı ve oyuncak yok. En ufak bir boyama kiti ve kalemleri dahi yok. kids clubun çalışanlarıda çok sıcak ve yardımsever ama imkanlar kısıtlı. Şahsi fikrim Açık büfe yemekler diğer otellerde gördüklerimize göre çok kısıtlı malzeme kalitesi gayet iyi ve taze ancak seçenek dar. Turca restaurant tadilatta onun yerine timo ıtalıan rest açık menüleri lezzetli. Blue bar kapalı. Charm beach barda güzel vakit geçirebilirsiniz. İçki kalitesi güzel.(chivas, jack çeşitleri ve gentelman serisi, bombay ve tanqueray gin heineken miller şişe bira). Kokteyller çok lezzetli değil.Ama sek içki severler için iyi içecekler var.İçecekler cam şişe ile servis ediliyor. Pastane bölümü çok zayıf. Dondurma servisi sadece öğle ve akşam açık büfe alanında var başka biyerde servis edilmiyor bence pastane bölümünde çalışma saatleri içinde devamlı servis edilmeli. Kapalı havuz ve hamam bölümü temiz çalışanlar çok saygılı. Fiyat performans oteli diyebiliriz ama bi luxury değil.",2025-06-22
11037a4124c2b2e8bd31c33c72c4d938,temizlik,temizlik_havuz,Pozitif,Kasım 2024 Kasım ara tatılinde zıyaret ettık sezon sonu olmasına rağmen hizmetler çok iyiydı Otel odaları ve havuzlar çok temiz Restoran lezzetleri gayet başarılıydı restaurantta ki şeflerden @gökhan çirkin beye özellikle teşekkür ediyorum kızımın bir yorumu ıle bıze harıka bır lezzet ikram edip ilgılendıgı için ayrıca teşekkür ediyorum,2026-07-12
ba3f6bd8f00aff5bca4c027bacc02ed0,temizlik,temizlik_havuz,Pozitif,"Fiyat-Verim Öncelikle otel genel anlamda başarılı.Temizlik,havuzlar,beach,personel,odalar gayet iyi.Alacarte”ların hepsinin ücretli olması dezavantaj.Ana restorantta yemek çeşidi az ve lezzet durumu tartışılır.Biz aile olarak bu durumu görünce alacarte”da bir yer istedik ve jest olması açısından da ücret vermeyeceğimizi düşünmüştük fakat ücreti yine talep ettiler,bizde kibarca reddettik.Şımarmak istiyorsanız pek doğru adres değil.Otelin yapabileceği jestleri bile siz onlara söylemek durumundasınız ama ben bu parayı veririm ve müşteri memnuniyeti bana %75-80 yeter diyorsanız tercih edilebilir.Satış müdürleri Uğur Bey ve müşteri ilişkilerine otelde konakladığım sürede mail attım ve bırakın olumsuz dönmeyi dönüş bile alamadım.Tekrar hadi gidelim veya düşünsek mi acaba diyebilmemizi sağlayan 2(iki) kişiye yorumumun sonunda teşekkür etmek istiyorum.Ana restoran şefi Hasan Bey ve Guest şefi Yasemin Hanım.İyi ki vardınız.Çünkü siz olmasaydınız,tekrar gelir miyiz bilmiyoruz ama düşünmemize bile gerek kalmadan calista”yı hayatımızdan ve geleceğimizden silmiştik.",2026-06-28
c785ba9cd2ae0caedb3eedb2fb91e652,temizlik,temizlik_havuz,Pozitif,"Çalışanlar Özellikle Mi Gülmüyor? :) 03.10.2014 ile 07.10.2014 tarihleri arasında bu otelde konakladık. Fiyat-performans olarak, gittiğimiz dönemi de göz önünde bulundurarak oteli değerlendirecek olursak ( 4 gece 5 gün için-3300 TL) fena sayılmaz. Otele girişimiz gece yarısına yakın bir zaman diliminde oldu. Karşılama anlamında herhangi bir sıkıntı yaşamadık. Bir 10 dk içerisinde odamıza yerleştik. Fakat odamızda manası olmayan fazladan bir adet tek kişilik yatakta bulunmaktaydı. Bize yatağı odadan kaldırmayı teklif eden ve çantalarımızı odaya taşıyan görevliye bir sonraki gün yatağın kaldırabileceğini söyledim. Fakat tatilimiz boyunca bu ekstradan yatak bize eşlik etmeye devam etti. Odalar büyük olduğu için bu durum herhangi bir sorun yaratmadı. Fakat hizmet açısından düşündüğümüz zaman isteğimiz yerine getirilmedi. Kaldığımız oda gayet büyük ve kullanışlıydı. Temizlik olarakta oda da herhangi bir sıkıntı yoktu. Hergün odamız temizleniyordu. Odadaki minibar otel ultra herşey dahil hizmeti verdiği için ödediğiniz otel ücretine dahildi. İçerisindeki içecekler marka olarak baktığında kalitelidir. Otelin sahili ve denizi gerçekten çok güzeldi. Malum Akdeniz Bölgesi'ndeki birçok sahilde deniz hemen derinleşirken burada öyle bir durum söz konusu değildi. Bu yüzden iskele sahilden denize içerisinde doğru bayağı bir mesafe katediyor. Sahilde şezlonglar ve şemsiyeler 2 kişiye bir şemsiye olacak şekilde ayarlanmıştır. Bu yüzden iç içe geçmiş veya sıkışık bir sahil düzeni yok. Bu açıdan başarılı bir sahil düzeni kurulmuştur. Şezlong ve şemsiye adedi bizim gördüğümüz kadarıyla yeterlidir. Olimpik havuz ve diğer küçük havuzların temizliği ve kapasitesi yeterlidir. Fakat olimpik havuz hariç diğer havuzlarda şezlonglar genellikle birbirine çok yakındı. Biz olimpik havuz dışında diğer havuzları kullanmadık. Birçok noktada misafirlerin içecek ihtiyacını hızlıca karşılayabilmek için büyük buzdolapları bulunmaktadır. Bu sınıftaki birçok otelde olduğu gibi aç kalma gibi bir durum söz konusu değildi. Yemek kalitesi olarak iyidi. Çeşit anlamında herhangi bir sıkıntı çekmedik. Sauna, türk hamamı ve spa merkezi bir arada bulunmaktaydı. İki adet karşılıklı duran saunaları fena değildi. Fakat son gün saat 15:00 civarında sauna hizmetini kullandığım zaman saunadaki mentollü su bitmiş ve ben saunadan çıkarken sıcaklık 72 dereceye kadar düşmüştü. Haliyle bu durumla ilgili herhangi biri ortalıkta gözükmüyordu. Otelin en büyük dezeavantajı maalesef çalışanlarından oluşmaktadır. Resepsiyondaki arkadaşları bu konunun dışında tutuyorum. Özellikle servis yapan arkadaşların birçoğunun yaşı küçüktü. Bu arkadaşların bir çoğu misafirler ile nasıl konuşması gerektiğinden bihaber bir durumdaydılar. Hatta konuşmaktan acizdiler diyebilirim. Genel olarak yüzleri hiç gülmüyordu. Bu durum o kadar yaygın ki herhalde otelin genel hali böyle diye düşünmeye başladık. Servis ve hız anlamında herhangi bir sıkıntı yok. Fakat güleryüz ile konuşma adabı açısından bir daha yol almaları gerekmektedir. İkinci gün kahvaltıda başıma gelen bir olaydan bahsedeyim. Sabah kahvaltısında almış olduğum ""Pancake""in içerisinden uzun bir saç çıktı. Haliyle servis elemanını çağırıp durumu gösterdim. Mutfağa bu durumu iletirseniz iyi olur dedim. Fakat iletildiğine dair şüphelerim var. Zira bir esnaf lokantasından bir lüks lokantaya kadar nereye giderseniz gidin yemeğinden saç çıkan bir müşterinden nezaketen özür dilenir. Ne servis yapan eleman ne de mutfaktan yetkili bir kişi herhangi bir özür dileme girişiminde bulunmadı. Servis elemanlarından güleryüz bekleyen insanlar buraya gitmesin derim. Biz ciddi olarak bu durumu kafaya takmadık. Fakat bir güleryüz birçok ayıbı öter. İşletmenin ve çalışanlarının bunu unutmaması gerekir. Son olarak çıkış yapacağımız gün uçağımız akşam geç bir saate olduğu için otel resepsiyonu ile yaptığımız konuşmada bize akşam çıkacağımız saate kadar otelin imkanlarından yararlanmaya devam edebileceğimizi, normal odadan çıkış saati olan 12:00'i 14:00'e kadar uzatabileceklerini, kıyafet değişikliği için spa merkezindeki soyunma odalarını kullanabileceğimizi belirtiler. Bu konuda bize yardımcı olan Ahmet Bey'e teşekkür ederiz. Otel tercih edilebilir. Fakat çalışan profilini biraz daha eğitmeye ihtiyaçları bulunmaktadır.",2026-05-09
073a0ed659816890b97553d0871ab6a4,temizlik,temizlik_havuz,Pozitif,"Tamamen objektif ... -Konaklamamızda 31 Ocak-2 Şubat aralığında 3 oda şeklinde Herşey Dahil olarak rezervasyon yaptık. Otele ulaşmadan evvel ETS Tur yetkilisi biz henüz yoldayken arayarak ön bilgilendirme ve görüşme talebini bize iletti. -Otele ulaştığımızda ETS yetkilisi birebir bizimle ilgilenerek rezervasyonumuzu tamamlamamıza ve Ultra herşey dahil olarak konaklamamızı sağladı. Aslında iki aile de alkol tüketmediği için çok önemi yoktu belki ama özel hissetmemizi sağladı diyebilirim. -Sorun 1: Aile büyüğü olarak bizlere ve 17 yaşındaki 1 çocuğa UHD bilekliği takılırken, diğer 3 çocuğa başka renk bileklik takılmıştı. Sebep olarak da küçük olmaları nedeniyle alkol tüketmemeleri için olduğu ifade edildi ki bu söylem yanlış değil. Buna bağlı bir problem ortaya çıkmasaydı hiç sorun olmazdı. -Sorun 2: Çocuklarımız, 1 Şubatta Brassiere isimli pastaneye gidiyorlar. Pastane görevlisi bilekliklerini göstererek buradan pasta alamazsınız diyor. Burada, görevli görevini yapıyor diyebiliriz belki ama hata yine otele ait ve ilk rezervasyon aşamasından kaynaklanıyor. Çocuklardan büyük olanda UHD bilekliği var ve diyorlar ki ablamız bizim için alabilir mi? Görevlinin cevabı; ""BEN TÜRKÇE KONUŞUYORUM NEYİ ANLAMADINIZ"" şeklinde oluyor. Bu ise otelin 2. büyük hatası olmaktadır. Çocuklar gerçekten yanlış bir ısrar içinde olsalar dahi yapılmaması gereken bir hata. SONUÇ: Yani olan şu; yaptıkları 1. hataya (yanlış bileklik) bağlı 2. büyük fahiş bir hata (hakaret) daha. Bugüne değin hiç karşılaşmadığımız ve beynimize kanı sıçratan bir durum. Tabi yetkililere ulaşma çabaları ve o gün orada bulunan Genel Müdüre konunun aktarılması. O da ilgileneceğini söyledi. O saatten sonra inanılmaz bir ihtimam. Yemekte etrafımızda dolanan garsonlar. Odamıza gönderilen hediyeler... Ancak hiçbirisi yapılan hakareti hazmetmemizi sağlamadı haliyle. Otel demek hizmet demektir. O yüzden, hizmet ettiğiniz müşteriye hakaret edemezsiniz. İlginçtir aynı görevli ertesi gün işinin başındaydı. Yukarıdaki yaşadığımız çok büyük problemler dışında ortalamanın üstü yemek ve hizmet kalitesi, güzel ısıtılmış dış havuz, konforlu odası, çok iyi genel temizliği kış tatili için beklentilerimizi karşıladı diyebilirim. Resepsiyon yanlış bileklik nedeniyle ve Pastane bir görevlinin agresif tutumlu görevli yüzünden sınıfta kaldı.",2026-03-15
ffa084747e80c265b70af65fc29efef1,temizlik,temizlik_havuz,Pozitif,"Gul Marseille Hotel güzel, çok temiz , aileler için eğlenceye diyecek yok kesinlikle tavsiye ederim . Ama eğer yemeğinize düşkün iseniz kesinlikle tavsiye etmiyorum 1 hafta geçirdiğimiz bu hotel de kahvaltıda herşey hergün aynı akşam yemeklerinde hiç bir tat alamadık maalesef hayal kırıklığına uğradık onca tatil ve otelden sonra Antalya da bir 5* liya yakışmadı ve ayrıten garsonlar çok asık suratlı sinir bozucu sanki kendileri bizlere zorunlu hizmet ediyorlardı bir içeceği 2 defa istemeye çekiniyorduk. Animation olarak bizleri eğlendirmek için değil de kendilerini eğlendirmeye gelmiş ler . Yani üzgünüm ama bu otelin sadece oyunları ve temizliği süperdi gerisi bizi bir hafta sıktı.... eyer gece saat tam olarak 00h00 gelip lobiden içecek isterseniz unutun kapanmıştır ve hiç bir mazeret dinlemezler. Ama sabahları saat 9 da bile gelseniz ki 8h30 da açıyorlar normalde bir kahve için bekleyebilirsin çünkü anca yerleştiriyorlardir sonrasında olur ki bir sütlü kahve isterseniz heyvah halinize .... çok eksikleri var.....",2026-01-06
4b1a7d213d9c4f9264f54d3e3e4db9ce,temizlik,temizlik_havuz,Pozitif,"Kötü yemekler, kaba personel Gerçekten kötü yemekler Türkiye'de bulmak çok zor ama ne yazık ki, yemekler gerçekten çok kötü. Ayrıca, personel gerçekten çok soğuk ve kabaydı. Yüzme havuzu ve plaj çok uzak, bir servis otobüsü ya da yürüyerek 15 dakika. Tek olumlu şey, EAS temizlik.",2025-03-21
4b3d88a1192fc109cd4a131be952604f,temizlik,temizlik_havuz,Pozitif,"Mükemmel bir Şehir/tatil oteli Park yeri problemi yaşamadım. Saat 10.00'da gelmemize rağmen Hazır oda olduğu için hemen odamızın aldık. Kahvaltıyı beğendim, çeşitlilik yeterli, malzeme kaliteli. Odalar temiz, yeterli büyüklükte. Kat hizmetleri gayet düzenli çalışıyor. Denize uzun bir merdivenden inerek bir platformdan giriliyor. Platform oldukça geniş, şezlong bulma problemi yok, soyunma kabini var. Tuvalet olmaması dezavantaj. Kaldığım Ağustosun son yarısında, deniz sabahtan sakin veya hafif çalkantılı olmasına rağmen öğleden sonra dalga artıyor, yüzmek zorlaşıyordu. Bu durumun bu sene olduğunu, denizin genelde sakin olduğunu söylediler. Deniz bar küçük, bira, su ve kahve var.Havlu kartı ile havlu alınabiliyor. Havuz yeterli büyüklükte. Ayrıca bir kaydıraklı havuz da var. Şezlong minder kılıfların her gün süngerleriden ayrılıp temizleri ile değiştirilmesi mükemmel bir uygulamaydı. Öğle yemeği oldukça çeşitli ve lezzetliydi. Akşam yemekltinde açık havadaki lokantada çeşitli ızgaralar, balık, Kırmızı ve beyaz et mevcut. Fazlası ile yeterli. Barlarda içki çeşitleri sınırlı. Biraları fena değil. Rakıyı tavsiye etmem. Canlı müzik yapan sanatçılar gayet başarılıydı, ancak sesin yüksekliği rahatsız etti. Canlı müzik dışında da gündüz ve gece çeşitli yarışma ve eğlence aktiviteleri var. Dikkatimi çeken en önemli husus çalışanların oteli ve görevlerini benimseyerek çalışmaları. Birçok personel yıllardır bu otelde çakışıyormuş. Bu da otelin idari anlamda iyi bir yapıya sahip olduğunu gösteriyor. Sonuç olarak bir şehir oteli olarak mükemmel bir otel olduğunu söyleyebilirim.",2026-07-16
6c12040e0675fa9922796086da700bc5,temizlik,temizlik_havuz,Pozitif,Çok güzel bir oetlll Çok tedirgin gelmiştim oteli araştırırken çok zorlandım fakat en temiz yeri bulmak istedim o kadar güzel bir otel tercih etmişim ki aşırı memnun kaldık iki kız arkadaş geldik odalar tertemiz yemekler güzel temiz fakat bizim damak tadımız sadece uygun değil havuz çok temiz herhangi bir problem de yardımcı oluyorlar bunları tüm samimiyetimle yazıyorum bu arada gelecek arkadaşları iyi tatiller dilerim,2026-06-27
